sncb_stream$device_id:UINT64,sncb_stream$start:UINT64,sncb_stream$end:UINT64,sncb_stream$trajectory:VARSIZED,sncb_stream$avg_speed:FLOAT64,sncb_stream$min_speed:FLOAT64
3,1722502000,1722522000,BINARY(108),48.453735,0.0037
1,1722502000,1722522000,BINARY(86),6.33008,0.0074
4,1722502000,1722522000,BINARY(12),91.665983,57.1502
5,1722502000,1722522000,BINARY(91),41.432642,0.0019
3,1722504000,1722524000,BINARY(225),59.760881,0.0037
1,1722504000,1722524000,BINARY(182),53.702212,0.0056
4,1722504000,1722524000,BINARY(125),89.248922,0.0074
5,1722504000,1722524000,BINARY(213),18.037041,0.0019
3,1722506000,1722526000,BINARY(332),51.636792,0.0037
1,1722506000,1722526000,BINARY(261),65.519979,0.0056
4,1722506000,1722526000,BINARY(226),74.561908,0.0074
5,1722506000,1722526000,BINARY(309),27.483805,0.0
3,1722508000,1722528000,BINARY(440),41.492318,0.0019
1,1722508000,1722528000,BINARY(261),65.519979,0.0056
4,1722508000,1722528000,BINARY(342),78.607855,0.0074
5,1722508000,1722528000,BINARY(445),43.989546,0.0
3,1722510000,1722530000,BINARY(562),50.25352,0.0019
1,1722510000,1722530000,BINARY(261),65.519979,0.0056
4,1722510000,1722530000,BINARY(469),74.264997,0.0074
5,1722510000,1722530000,BINARY(505),42.917135,0.0
3,1722512000,1722532000,BINARY(680),50.458688,0.0019
1,1722512000,1722532000,BINARY(355),71.398082,0.0056
4,1722512000,1722532000,BINARY(533),68.379214,0.0074
5,1722512000,1722532000,BINARY(621),36.923567,0.0
3,1722514000,1722534000,BINARY(801),43.953606,0.0019
1,1722514000,1722534000,BINARY(477),72.139166,0.0056
4,1722514000,1722534000,BINARY(533),68.379214,0.0074
5,1722514000,1722534000,BINARY(749),36.746122,0.0
3,1722516000,1722536000,BINARY(934),44.451658,0.0019
1,1722516000,1722536000,BINARY(522),70.851255,0.0056
4,1722516000,1722536000,BINARY(540),68.378868,0.0074
5,1722516000,1722536000,BINARY(863),40.332541,0.0
3,1722518000,1722538000,BINARY(1031),43.781106,0.0019
1,1722518000,1722538000,BINARY(619),67.748229,0.0056
4,1722518000,1722538000,BINARY(632),64.154605,0.0037
5,1722518000,1722538000,BINARY(994),42.230999,0.0
3,1722520000,1722540000,BINARY(1171),44.262735,0.0019
1,1722520000,1722540000,BINARY(742),66.923393,0.0056
4,1722520000,1722540000,BINARY(697),65.155583,0.0037
5,1722520000,1722540000,BINARY(1105),42.423123,0.0
3,1722522000,1722542000,BINARY(1179),39.530019,0.0019
1,1722522000,1722542000,BINARY(749),75.775449,0.0056
4,1722522000,1722542000,BINARY(794),64.185689,0.0037
5,1722522000,1722542000,BINARY(1144),38.943991,0.0
3,1722524000,1722544000,BINARY(1194),40.94787,0.0019
1,1722524000,1722544000,BINARY(653),72.781617,0.0056
4,1722524000,1722544000,BINARY(784),63.491017,0.0037
5,1722524000,1722544000,BINARY(1084),44.292423,0.0
3,1722526000,1722546000,BINARY(1184),41.394126,0.0019
1,1722526000,1722546000,BINARY(574),70.033944,0.0056
4,1722526000,1722546000,BINARY(734),66.839492,0.0037
5,1722526000,1722546000,BINARY(1108),47.42335,0.0019
3,1722528000,1722548000,BINARY(1210),42.492451,0.0019
1,1722528000,1722548000,BINARY(574),70.033944,0.0056
4,1722528000,1722548000,BINARY(618),63.150958,0.0037
5,1722528000,1722548000,BINARY(1076),38.656645,0.0019
3,1722530000,1722550000,BINARY(1187),40.264859,0.0019
1,1722530000,1722550000,BINARY(574),70.033944,0.0056
4,1722530000,1722550000,BINARY(491),63.301211,0.0037
5,1722530000,1722550000,BINARY(1152),34.289608,0.0019
3,1722532000,1722552000,BINARY(1206),34.791707,0.0019
1,1722532000,1722552000,BINARY(480),66.570582,0.0056
4,1722532000,1722552000,BINARY(427),69.004817,0.0037
5,1722532000,1722552000,BINARY(1170),32.692546,0.0019
3,1722534000,1722554000,BINARY(1202),34.165068,0.0019
1,1722534000,1722554000,BINARY(358),63.938035,0.0074
4,1722534000,1722554000,BINARY(427),69.004817,0.0037
5,1722534000,1722554000,BINARY(1161),28.993739,0.0019
3,1722536000,1722556000,BINARY(1191),29.183691,0.0019
1,1722536000,1722556000,BINARY(313),64.906848,0.0074
4,1722536000,1722556000,BINARY(420),69.015689,0.0037
5,1722536000,1722556000,BINARY(1177),22.41635,0.0019
3,1722538000,1722558000,BINARY(1219),25.545938,0.0
1,1722538000,1722558000,BINARY(216),71.129837,0.0074
4,1722538000,1722558000,BINARY(328),77.333743,0.0074
5,1722538000,1722558000,BINARY(1115),17.233705,0.0019
3,1722540000,1722560000,BINARY(1217),20.090286,0.0
1,1722540000,1722560000,BINARY(93),82.183235,0.0074
4,1722540000,1722560000,BINARY(263),77.938162,0.0074
5,1722540000,1722560000,BINARY(1087),13.172248,0.0019
3,1722542000,1722562000,BINARY(1224),19.971377,0.0
4,1722542000,1722562000,BINARY(154),89.920452,0.0148
5,1722542000,1722562000,BINARY(1007),12.785443,0.0019
3,1722544000,1722564000,BINARY(1212),11.508961,0.0
4,1722544000,1722564000,BINARY(51),97.60991,0.0389
5,1722544000,1722564000,BINARY(992),9.419474,0.0019
3,1722546000,1722566000,BINARY(1244),8.192825,0.0
5,1722546000,1722566000,BINARY(923),0.176989,0.0019
3,1722548000,1722568000,BINARY(1223),10.114533,0.0
5,1722548000,1722568000,BINARY(883),0.037133,0.0019
3,1722550000,1722570000,BINARY(1254),5.866322,0.0
5,1722550000,1722570000,BINARY(795),0.037029,0.0019
3,1722552000,1722572000,BINARY(1247),11.389249,0.0
5,1722552000,1722572000,BINARY(709),0.03683,0.0019
3,1722554000,1722574000,BINARY(1242),15.541363,0.0
5,1722554000,1722574000,BINARY(618),0.036361,0.0019
3,1722556000,1722576000,BINARY(1205),20.460229,0.0
5,1722556000,1722576000,BINARY(544),0.032431,0.0019
3,1722558000,1722578000,BINARY(1210),21.593302,0.0
1,1722558000,1722578000,BINARY(141),79.268789,0.0241
4,1722558000,1722578000,BINARY(138),94.754422,0.0093
5,1722558000,1722578000,BINARY(575),0.616203,0.0019
3,1722560000,1722580000,BINARY(1153),28.452016,0.0
1,1722560000,1722580000,BINARY(260),66.948792,0.0074
4,1722560000,1722580000,BINARY(228),79.414145,0.0019
5,1722560000,1722580000,BINARY(573),0.618496,0.0019
3,1722562000,1722582000,BINARY(1149),33.774323,0.0019
1,1722562000,1722582000,BINARY(331),58.883669,0.0056
4,1722562000,1722582000,BINARY(357),87.13805,0.0019
5,1722562000,1722582000,BINARY(633),0.916645,0.0
3,1722564000,1722584000,BINARY(1153),38.074677,0.0019
1,1722564000,1722584000,BINARY(423),53.383138,0.0037
4,1722564000,1722584000,BINARY(468),81.049871,0.0019
5,1722564000,1722584000,BINARY(667),6.459229,0.0
3,1722566000,1722586000,BINARY(1156),41.684244,0.0
1,1722566000,1722586000,BINARY(552),64.990091,0.0037
4,1722566000,1722586000,BINARY(516),78.957213,0.0019
5,1722566000,1722586000,BINARY(674),7.768248,0.0
3,1722568000,1722588000,BINARY(1144),41.507354,0.0
1,1722568000,1722588000,BINARY(577),66.649166,0.0037
4,1722568000,1722588000,BINARY(516),78.957213,0.0019
5,1722568000,1722588000,BINARY(729),12.608259,0.0
3,1722570000,1722590000,BINARY(1130),47.317744,0.0
1,1722570000,1722590000,BINARY(577),66.649166,0.0037
4,1722570000,1722590000,BINARY(525),79.598856,0.0019
5,1722570000,1722590000,BINARY(784),18.983678,0.0
3,1722572000,1722592000,BINARY(1119),42.308485,0.0
1,1722572000,1722592000,BINARY(577),66.649166,0.0037
4,1722572000,1722592000,BINARY(648),73.907387,0.0019
5,1722572000,1722592000,BINARY(829),24.701118,0.0
3,1722574000,1722594000,BINARY(1086),44.39248,0.0
1,1722574000,1722594000,BINARY(577),66.649166,0.0037
4,1722574000,1722594000,BINARY(695),72.452662,0.0019
5,1722574000,1722594000,BINARY(911),27.773047,0.0
3,1722576000,1722596000,BINARY(1110),44.897759,0.0
1,1722576000,1722596000,BINARY(560),65.250445,0.0037
4,1722576000,1722596000,BINARY(804),70.866639,0.0019
5,1722576000,1722596000,BINARY(1005),27.396181,0.0
3,1722578000,1722598000,BINARY(1098),48.421089,0.0
1,1722578000,1722598000,BINARY(436),62.568049,0.0037
4,1722578000,1722598000,BINARY(762),64.003531,0.0019
5,1722578000,1722598000,BINARY(1006),30.935019,0.0
3,1722580000,1722600000,BINARY(1160),42.54538,0.0
1,1722580000,1722600000,BINARY(317),66.403415,0.0037
4,1722580000,1722600000,BINARY(775),71.218886,0.0037
5,1722580000,1722600000,BINARY(1055),39.505116,0.0
3,1722582000,1722602000,BINARY(1151),42.36852,0.0
1,1722582000,1722602000,BINARY(246),77.097863,0.0037
4,1722582000,1722602000,BINARY(678),66.901387,0.0037
5,1722582000,1722602000,BINARY(1064),44.521109,0.0019
3,1722584000,1722604000,BINARY(1154),46.370854,0.0
1,1722584000,1722604000,BINARY(246),93.395198,0.013
4,1722584000,1722604000,BINARY(567),67.964876,0.0037
5,1722584000,1722604000,BINARY(1086),42.05867,0.0019
3,1722586000,1722606000,BINARY(1124),44.563549,0.0019
1,1722586000,1722606000,BINARY(227),89.937562,0.0166
4,1722586000,1722606000,BINARY(606),66.993011,0.0037
5,1722586000,1722606000,BINARY(1125),41.8036,0.0019
3,1722588000,1722608000,BINARY(1148),45.489645,0.0019
1,1722588000,1722608000,BINARY(255),77.964123,0.0166
4,1722588000,1722608000,BINARY(733),72.476044,0.0037
5,1722588000,1722608000,BINARY(1103),43.807757,0.0019
3,1722590000,1722610000,BINARY(1140),44.307636,0.0019
1,1722590000,1722610000,BINARY(348),66.984461,0.013
4,1722590000,1722610000,BINARY(833),70.759745,0.0037
5,1722590000,1722610000,BINARY(1136),45.996149,0.0019
3,1722592000,1722612000,BINARY(1156),49.467403,0.0019
1,1722592000,1722612000,BINARY(475),67.699913,0.0093
4,1722592000,1722612000,BINARY(840),75.008276,0.0037
5,1722592000,1722612000,BINARY(1136),44.367899,0.0019
3,1722594000,1722614000,BINARY(1196),44.010561,0.0019
1,1722594000,1722614000,BINARY(569),70.18334,0.0093
4,1722594000,1722614000,BINARY(875),72.436974,0.0037
5,1722594000,1722614000,BINARY(1164),40.700696,0.0019
3,1722596000,1722616000,BINARY(1197),42.888314,0.0019
1,1722596000,1722616000,BINARY(569),70.18334,0.0093
4,1722596000,1722616000,BINARY(762),73.798694,0.0037
5,1722596000,1722616000,BINARY(1106),43.309647,0.0019
3,1722598000,1722618000,BINARY(1204),47.412425,0.0019
1,1722598000,1722618000,BINARY(569),70.18334,0.0093
4,1722598000,1722618000,BINARY(670),77.447988,0.0037
5,1722598000,1722618000,BINARY(1139),48.607151,0.0019
3,1722600000,1722620000,BINARY(1186),46.704986,0.0019
1,1722600000,1722620000,BINARY(569),70.18334,0.0093
4,1722600000,1722620000,BINARY(649),66.541683,0.0037
5,1722600000,1722620000,BINARY(1090),44.163208,0.0019
3,1722602000,1722622000,BINARY(1181),45.528747,0.0019
1,1722602000,1722622000,BINARY(569),70.18334,0.0093
4,1722602000,1722622000,BINARY(735),66.339354,0.0037
5,1722602000,1722622000,BINARY(1061),41.089403,0.0019
3,1722604000,1722624000,BINARY(1153),44.666879,0.0019
1,1722604000,1722624000,BINARY(477),68.835645,0.0093
4,1722604000,1722624000,BINARY(822),67.651869,0.0037
5,1722604000,1722624000,BINARY(1065),42.80435,0.0
3,1722606000,1722626000,BINARY(1134),48.690884,0.0019
1,1722606000,1722626000,BINARY(367),60.219433,0.0093
4,1722606000,1722626000,BINARY(818),67.502205,0.0037
5,1722606000,1722626000,BINARY(1022),44.269599,0.0
3,1722608000,1722628000,BINARY(1009),47.659789,0.0019
1,1722608000,1722628000,BINARY(314),63.86455,0.0093
4,1722608000,1722628000,BINARY(691),61.77949,0.0037
5,1722608000,1722628000,BINARY(925),43.238101,0.0
3,1722610000,1722630000,BINARY(901),47.130769,0.0019
1,1722610000,1722630000,BINARY(221),75.220487,0.0093
4,1722610000,1722630000,BINARY(582),61.553649,0.0037
5,1722610000,1722630000,BINARY(789),38.492087,0.0
3,1722612000,1722632000,BINARY(766),45.479373,0.0019
1,1722612000,1722632000,BINARY(94),82.732569,0.0666
4,1722612000,1722632000,BINARY(452),56.764496,0.0037
5,1722612000,1722632000,BINARY(696),38.253189,0.0
3,1722614000,1722634000,BINARY(692),50.401058,0.0019
1,1722614000,1722634000,BINARY(19),17.977726,0.013
4,1722614000,1722634000,BINARY(370),61.674425,0.0037
5,1722614000,1722634000,BINARY(591),42.82507,0.0
3,1722616000,1722636000,BINARY(706),43.204698,0.0019
1,1722616000,1722636000,BINARY(142),66.388537,0.0074
4,1722616000,1722636000,BINARY(370),61.674425,0.0037
5,1722616000,1722636000,BINARY(554),49.724065,0.0
3,1722618000,1722638000,BINARY(700),28.511425,0.0019
1,1722618000,1722638000,BINARY(220),73.34991,0.0056
4,1722618000,1722638000,BINARY(370),61.674425,0.0037
5,1722618000,1722638000,BINARY(509),32.475776,0.0
3,1722620000,1722640000,BINARY(671),28.000762,0.0019
1,1722620000,1722640000,BINARY(220),73.34991,0.0056
4,1722620000,1722640000,BINARY(288),69.68707,0.0037
5,1722620000,1722640000,BINARY(488),27.044095,0.0
3,1722622000,1722642000,BINARY(669),22.416623,0.0019
1,1722622000,1722642000,BINARY(220),73.34991,0.0056
4,1722622000,1722642000,BINARY(170),66.644945,0.0037
5,1722622000,1722642000,BINARY(442),26.748406,0.0
3,1722624000,1722644000,BINARY(693),10.717466,0.0
1,1722624000,1722644000,BINARY(220),73.34991,0.0056
4,1722624000,1722644000,BINARY(83),53.966618,0.0259
5,1722624000,1722644000,BINARY(416),18.747334,0.0037
3,1722626000,1722646000,BINARY(732),3.815206,0.0
1,1722626000,1722646000,BINARY(220),73.34991,0.0056
5,1722626000,1722646000,BINARY(424),13.823407,0.0037
3,1722628000,1722648000,BINARY(857),3.263352,0.0
1,1722628000,1722648000,BINARY(220),73.34991,0.0056
5,1722628000,1722648000,BINARY(493),11.893156,0.0037
3,1722630000,1722650000,BINARY(959),2.919267,0.0
1,1722630000,1722650000,BINARY(220),73.34991,0.0056
5,1722630000,1722650000,BINARY(587),9.993395,0.0019
3,1722632000,1722652000,BINARY(1091),2.569605,0.0
1,1722632000,1722652000,BINARY(220),73.34991,0.0056
5,1722632000,1722652000,BINARY(709),23.200256,0.0019
3,1722634000,1722654000,BINARY(1189),1.130758,0.0
1,1722634000,1722654000,BINARY(201),78.584096,0.0056
5,1722634000,1722654000,BINARY(815),30.470409,0.0019
3,1722636000,1722656000,BINARY(1173),0.034336,0.0
1,1722636000,1722656000,BINARY(78),86.023178,0.0056
5,1722636000,1722656000,BINARY(872),22.763547,0.0019
3,1722638000,1722658000,BINARY(1182),0.029357,0.0
5,1722638000,1722658000,BINARY(921),21.151145,0.0019
3,1722640000,1722660000,BINARY(1182),0.027688,0.0
5,1722640000,1722660000,BINARY(969),20.104019,0.0019
3,1722642000,1722662000,BINARY(1153),0.027186,0.0
5,1722642000,1722662000,BINARY(1057),18.429297,0.0
3,1722644000,1722664000,BINARY(1097),0.02584,0.0019
1,1722644000,1722664000,BINARY(14),53.873086,0.0111
4,1722644000,1722664000,BINARY(95),69.036356,0.013
5,1722644000,1722664000,BINARY(1099),17.72581,0.0
3,1722646000,1722666000,BINARY(1091),0.025209,0.0019
1,1722646000,1722666000,BINARY(137),91.96208,0.0111
4,1722646000,1722666000,BINARY(197),78.878604,0.013
5,1722646000,1722666000,BINARY(1139),17.103434,0.0
3,1722648000,1722668000,BINARY(1095),0.023959,0.0
1,1722648000,1722668000,BINARY(229),73.936545,0.0037
4,1722648000,1722668000,BINARY(298),78.583854,0.013
5,1722648000,1722668000,BINARY(1167),16.692896,0.0
3,1722650000,1722670000,BINARY(1121),0.023427,0.0
1,1722650000,1722670000,BINARY(298),71.711209,0.0037
4,1722650000,1722670000,BINARY(427),74.218905,0.0074
5,1722650000,1722670000,BINARY(1199),16.246873,0.0
3,1722652000,1722672000,BINARY(1106),0.082307,0.0
1,1722652000,1722672000,BINARY(408),65.359032,0.0019
4,1722652000,1722672000,BINARY(491),70.177281,0.0074
5,1722652000,1722672000,BINARY(1205),7.385661,0.0
3,1722654000,1722674000,BINARY(1095),0.997231,0.0
1,1722654000,1722674000,BINARY(540),66.221679,0.0019
4,1722654000,1722674000,BINARY(491),70.177281,0.0074
5,1722654000,1722674000,BINARY(1176),0.028989,0.0
3,1722656000,1722676000,BINARY(1085),6.808794,0.0
1,1722656000,1722676000,BINARY(584),69.42348,0.0019
4,1722656000,1722676000,BINARY(502),70.427553,0.0074
5,1722656000,1722676000,BINARY(1201),0.020271,0.0
3,1722658000,1722678000,BINARY(1087),13.62028,0.0
1,1722658000,1722678000,BINARY(584),69.42348,0.0019
4,1722658000,1722678000,BINARY(555),69.010411,0.0074
5,1722658000,1722678000,BINARY(1187),0.020365,0.0
3,1722660000,1722680000,BINARY(1044),19.186889,0.0
1,1722660000,1722680000,BINARY(584),69.42348,0.0019
4,1722660000,1722680000,BINARY(667),69.532831,0.0056
5,1722660000,1722680000,BINARY(1216),0.021028,0.0
3,1722662000,1722682000,BINARY(970),20.649049,0.0
1,1722662000,1722682000,BINARY(584),69.42348,0.0019
4,1722662000,1722682000,BINARY(758),69.903487,0.0056
5,1722662000,1722682000,BINARY(1204),0.02162,0.0019
3,1722664000,1722684000,BINARY(903),22.179926,0.0
1,1722664000,1722684000,BINARY(570),69.80542,0.0019
4,1722664000,1722684000,BINARY(796),74.402438,0.0037
5,1722664000,1722684000,BINARY(1213),0.021158,0.0019
3,1722666000,1722686000,BINARY(787),25.445709,0.0
1,1722666000,1722686000,BINARY(447),62.515677,0.0019
4,1722666000,1722686000,BINARY(748),72.988811,0.0037
5,1722666000,1722686000,BINARY(1192),0.021164,0.0019
3,1722668000,1722688000,BINARY(658),30.430212,0.0019
1,1722668000,1722688000,BINARY(398),70.991377,0.0019
4,1722668000,1722688000,BINARY(647),72.205142,0.0037
5,1722668000,1722688000,BINARY(1227),0.021245,0.0019
3,1722670000,1722690000,BINARY(530),37.773901,0.0019
1,1722670000,1722690000,BINARY(463),69.653117,0.0019
4,1722670000,1722690000,BINARY(518),74.214754,0.0037
5,1722670000,1722690000,BINARY(1232),0.021245,0.0019
3,1722672000,1722692000,BINARY(413),48.308805,0.0037
1,1722672000,1722692000,BINARY(460),69.608714,0.0037
4,1722672000,1722692000,BINARY(501),79.859134,0.0037
5,1722672000,1722692000,BINARY(1220),0.021153,0.0019
3,1722674000,1722694000,BINARY(281),67.428335,0.0056
1,1722674000,1722694000,BINARY(390),70.099463,0.0037
4,1722674000,1722694000,BINARY(615),83.75953,0.0037
5,1722674000,1722694000,BINARY(1255),0.020366,0.0019
3,1722676000,1722696000,BINARY(183),69.122734,0.0056
1,1722676000,1722696000,BINARY(453),64.490072,0.0037
4,1722676000,1722696000,BINARY(701),82.127096,0.0037
5,1722676000,1722696000,BINARY(1243),0.020478,0.0
3,1722678000,1722698000,BINARY(53),98.646174,43.6915
1,1722678000,1722698000,BINARY(575),68.352776,0.0037
4,1722678000,1722698000,BINARY(770),83.13626,0.0037
5,1722678000,1722698000,BINARY(1250),0.020122,0.0
1,1722680000,1722700000,BINARY(593),69.000377,0.0037
4,1722680000,1722700000,BINARY(718),80.997627,0.0037
5,1722680000,1722700000,BINARY(1217),0.019483,0.0
1,1722682000,1722702000,BINARY(593),69.000377,0.0037
4,1722682000,1722702000,BINARY(634),82.252423,0.0037
5,1722682000,1722702000,BINARY(1164),0.019518,0.0
1,1722684000,1722704000,BINARY(629),71.468445,0.0037
4,1722684000,1722704000,BINARY(501),78.547075,0.0037
5,1722684000,1722704000,BINARY(1104),0.019954,0.0
1,1722686000,1722706000,BINARY(753),74.86101,0.0037
4,1722686000,1722706000,BINARY(514),75.643424,0.0037
5,1722686000,1722706000,BINARY(1116),0.020685,0.0
1,1722688000,1722708000,BINARY(827),68.19482,0.0037
4,1722688000,1722708000,BINARY(631),74.673992,0.0037
5,1722688000,1722708000,BINARY(1047),0.020547,0.0
3,1722690000,1722710000,BINARY(61),86.191741,0.0019
1,1722690000,1722710000,BINARY(748),67.785364,0.0111
4,1722690000,1722710000,BINARY(740),76.915016,0.0037
5,1722690000,1722710000,BINARY(1029),0.021431,0.0
3,1722692000,1722712000,BINARY(179),71.893526,0.0019
1,1722692000,1722712000,BINARY(761),68.353599,0.0111
4,1722692000,1722712000,BINARY(799),74.235864,0.0037
5,1722692000,1722712000,BINARY(989),0.021843,0.0
3,1722694000,1722714000,BINARY(317),60.153697,0.0019
1,1722694000,1722714000,BINARY(834),68.808287,0.0111
4,1722694000,1722714000,BINARY(797),74.14829,0.0037
5,1722694000,1722714000,BINARY(922),0.022344,0.0
3,1722696000,1722716000,BINARY(434),46.072804,0.0019
1,1722696000,1722716000,BINARY(761),71.367425,0.0111
4,1722696000,1722716000,BINARY(700),74.485167,0.0056
5,1722696000,1722716000,BINARY(900),0.022394,0.0
3,1722698000,1722718000,BINARY(562),35.586957,0.0019
1,1722698000,1722718000,BINARY(639),69.204643,0.0111
4,1722698000,1722718000,BINARY(578),73.961323,0.0074
5,1722698000,1722718000,BINARY(892),0.022807,0.0
3,1722700000,1722720000,BINARY(671),29.813403,0.0019
1,1722700000,1722720000,BINARY(621),68.610933,0.0111
4,1722700000,1722720000,BINARY(518),78.244494,0.0074
5,1722700000,1722720000,BINARY(861),0.02361,0.0
3,1722702000,1722722000,BINARY(802),24.951664,0.0019
1,1722702000,1722722000,BINARY(621),68.610933,0.0111
4,1722702000,1722722000,BINARY(511),78.141807,0.0074
5,1722702000,1722722000,BINARY(896),0.023514,0.0
3,1722704000,1722724000,BINARY(939),21.319586,0.0019
1,1722704000,1722724000,BINARY(585),65.933267,0.0111
4,1722704000,1722724000,BINARY(511),78.141807,0.0074
5,1722704000,1722724000,BINARY(914),0.023148,0.0
3,1722706000,1722726000,BINARY(1054),18.99819,0.0019
1,1722706000,1722726000,BINARY(461),58.902977,0.0111
4,1722706000,1722726000,BINARY(444),81.193485,0.0074
5,1722706000,1722726000,BINARY(896),0.02233,0.0019
3,1722708000,1722728000,BINARY(1181),16.959423,0.0019
1,1722708000,1722728000,BINARY(344),65.362711,0.0111
4,1722708000,1722728000,BINARY(327),85.049965,0.0074
5,1722708000,1722728000,BINARY(888),0.02221,0.0019
3,1722710000,1722730000,BINARY(1213),12.179683,0.0019
1,1722710000,1722730000,BINARY(289),68.322283,0.0111
4,1722710000,1722730000,BINARY(218),82.630804,0.0074
5,1722710000,1722730000,BINARY(860),0.021557,0.0019
3,1722712000,1722732000,BINARY(1222),5.863956,0.0019
1,1722712000,1722732000,BINARY(169),79.078952,0.0185
4,1722712000,1722732000,BINARY(112),100.75372,0.0111
5,1722712000,1722732000,BINARY(910),0.021384,0.0019
3,1722714000,1722734000,BINARY(1197),0.81053,0.0019
5,1722714000,1722734000,BINARY(951),0.02136,0.0019
3,1722716000,1722736000,BINARY(1215),0.039514,0.0019
5,1722716000,1722736000,BINARY(980),0.022309,0.0019
3,1722718000,1722738000,BINARY(1212),0.039428,0.0019
5,1722718000,1722738000,BINARY(976),0.022413,0.0019
3,1722720000,1722740000,BINARY(1237),0.037185,0.0
5,1722720000,1722740000,BINARY(1041),0.021878,0.0019
3,1722722000,1722742000,BINARY(1232),0.034196,0.0
5,1722722000,1722742000,BINARY(1054),0.021719,0.0
3,1722724000,1722744000,BINARY(1236),0.030961,0.0
5,1722724000,1722744000,BINARY(1074),0.021905,0.0
3,1722726000,1722746000,BINARY(1251),0.029556,0.0
5,1722726000,1722746000,BINARY(1086),0.02189,0.0
3,1722728000,1722748000,BINARY(1257),0.028596,0.0
5,1722728000,1722748000,BINARY(1156),0.022451,0.0
3,1722730000,1722750000,BINARY(1290),0.027788,0.0
4,1722730000,1722750000,BINARY(45),77.385764,0.013
5,1722730000,1722750000,BINARY(1194),0.022366,0.0
3,1722732000,1722752000,BINARY(1289),0.027328,0.0
4,1722732000,1722752000,BINARY(96),80.210968,0.0037
5,1722732000,1722752000,BINARY(1185),0.022055,0.0
3,1722734000,1722754000,BINARY(1301),0.033845,0.0
1,1722734000,1722754000,BINARY(112),67.032677,0.0056
4,1722734000,1722754000,BINARY(198),76.275934,0.0037
5,1722734000,1722754000,BINARY(1204),0.021967,0.0
3,1722736000,1722756000,BINARY(1289),1.626416,0.0
1,1722736000,1722756000,BINARY(231),72.747495,0.0056
4,1722736000,1722756000,BINARY(287),77.973509,0.0037
5,1722736000,1722756000,BINARY(1184),0.020981,0.0
3,1722738000,1722758000,BINARY(1293),2.718137,0.0
1,1722738000,1722758000,BINARY(299),65.30088,0.0056
4,1722738000,1722758000,BINARY(386),73.474917,0.0037
5,1722738000,1722758000,BINARY(1163),0.020709,0.0
3,1722740000,1722760000,BINARY(1288),3.231971,0.0019
1,1722740000,1722760000,BINARY(372),59.29905,0.0056
4,1722740000,1722760000,BINARY(386),73.474917,0.0037
5,1722740000,1722760000,BINARY(1141),0.020656,0.0
3,1722742000,1722762000,BINARY(1291),8.657951,0.0019
1,1722742000,1722762000,BINARY(488),67.35518,0.0056
4,1722742000,1722762000,BINARY(386),73.474917,0.0037
5,1722742000,1722762000,BINARY(1163),0.020832,0.0
3,1722744000,1722764000,BINARY(1271),15.755618,0.0019
1,1722744000,1722764000,BINARY(534),69.63204,0.0056
4,1722744000,1722764000,BINARY(472),70.944655,0.0037
5,1722744000,1722764000,BINARY(1168),0.020873,0.0
3,1722746000,1722766000,BINARY(1194),21.349243,0.0019
1,1722746000,1722766000,BINARY(534),69.63204,0.0056
4,1722746000,1722766000,BINARY(569),70.050703,0.0037
5,1722746000,1722766000,BINARY(1185),0.021263,0.0
3,1722748000,1722768000,BINARY(1061),24.021715,0.0019
1,1722748000,1722768000,BINARY(534),69.63204,0.0056
4,1722748000,1722768000,BINARY(692),72.432853,0.0037
5,1722748000,1722768000,BINARY(1148),0.020754,0.0
3,1722750000,1722770000,BINARY(935),27.256218,0.0019
1,1722750000,1722770000,BINARY(637),70.502659,0.0056
4,1722750000,1722770000,BINARY(750),74.079778,0.0037
5,1722750000,1722770000,BINARY(1088),0.020834,0.0
3,1722752000,1722772000,BINARY(809),31.498321,0.0019
1,1722752000,1722772000,BINARY(739),71.44336,0.0056
4,1722752000,1722772000,BINARY(759),73.711055,0.0074
5,1722752000,1722772000,BINARY(1038),0.021912,0.0
3,1722754000,1722774000,BINARY(684),37.235532,0.0019
1,1722754000,1722774000,BINARY(698),70.003026,0.0056
4,1722754000,1722774000,BINARY(657),73.887837,0.0074
5,1722754000,1722774000,BINARY(1046),0.021614,0.0
3,1722756000,1722776000,BINARY(561),41.732633,0.0019
1,1722756000,1722776000,BINARY(687),66.695801,0.0056
4,1722756000,1722776000,BINARY(568),72.655892,0.0074
5,1722756000,1722776000,BINARY(1055),0.021839,0.0
3,1722758000,1722778000,BINARY(432),50.902443,0.0019
1,1722758000,1722778000,BINARY(749),68.293906,0.0056
4,1722758000,1722778000,BINARY(493),73.809872,0.0074
5,1722758000,1722778000,BINARY(1088),0.022783,0.0
3,1722760000,1722780000,BINARY(303),70.424069,0.0056
1,1722760000,1722780000,BINARY(750),72.962959,0.0056
4,1722760000,1722780000,BINARY(622),81.035859,0.0074
5,1722760000,1722780000,BINARY(1097),0.022691,0.0
3,1722762000,1722782000,BINARY(174),82.306236,0.0093
1,1722762000,1722782000,BINARY(634),69.262047,0.0056
4,1722762000,1722782000,BINARY(703),75.45917,0.0019
5,1722762000,1722782000,BINARY(1084),0.022748,0.0
1,1722764000,1722784000,BINARY(588),67.343464,0.0056
4,1722764000,1722784000,BINARY(744),80.261301,0.0019
5,1722764000,1722784000,BINARY(1105),0.02258,0.0
1,1722766000,1722786000,BINARY(588),67.343464,0.0056
4,1722766000,1722786000,BINARY(737),80.491829,0.0019
5,1722766000,1722786000,BINARY(1073),0.022396,0.0
1,1722768000,1722788000,BINARY(588),67.343464,0.0056
4,1722768000,1722788000,BINARY(705),71.378497,0.0019
5,1722768000,1722788000,BINARY(1124),0.022477,0.0
1,1722770000,1722790000,BINARY(485),65.713963,0.0056
4,1722770000,1722790000,BINARY(602),68.776051,0.0019
5,1722770000,1722790000,BINARY(1181),0.022605,0.0
1,1722772000,1722792000,BINARY(399),64.675269,0.0056
4,1722772000,1722792000,BINARY(579),67.789526,0.0019
5,1722772000,1722792000,BINARY(1256),0.021943,0.0
1,1722774000,1722794000,BINARY(454),67.205349,0.0037
4,1722774000,1722794000,BINARY(705),67.675102,0.0019
5,1722774000,1722794000,BINARY(1231),0.022798,0.0
1,1722776000,1722796000,BINARY(475),68.008739,0.0037
4,1722776000,1722796000,BINARY(808),67.909889,0.0019
5,1722776000,1722796000,BINARY(1258),0.023087,0.0
3,1722778000,1722798000,BINARY(164),66.696441,0.0056
1,1722778000,1722798000,BINARY(398),68.247893,0.0037
4,1722778000,1722798000,BINARY(871),69.483717,0.0019
5,1722778000,1722798000,BINARY(1246),0.023078,0.0
3,1722780000,1722800000,BINARY(288),67.332486,0.0056
1,1722780000,1722800000,BINARY(429),60.733473,0.0037
4,1722780000,1722800000,BINARY(834),67.81686,0.0019
5,1722780000,1722800000,BINARY(1269),0.023382,0.0
3,1722782000,1722802000,BINARY(400),50.996881,0.0037
1,1722782000,1722802000,BINARY(554),67.353356,0.0037
4,1722782000,1722802000,BINARY(762),71.318902,0.0019
5,1722782000,1722802000,BINARY(1200),0.023653,0.0
3,1722784000,1722804000,BINARY(522),39.084318,0.0037
1,1722784000,1722804000,BINARY(589),67.60203,0.0037
4,1722784000,1722804000,BINARY(635),67.01391,0.0019
5,1722784000,1722804000,BINARY(1158),0.023909,0.0
3,1722786000,1722806000,BINARY(652),31.298263,0.0037
1,1722786000,1722806000,BINARY(589),67.60203,0.0037
4,1722786000,1722806000,BINARY(545),67.106037,0.0019
5,1722786000,1722806000,BINARY(1135),0.024126,0.0
3,1722788000,1722808000,BINARY(779),26.201534,0.0019
1,1722788000,1722808000,BINARY(589),67.60203,0.0037
4,1722788000,1722808000,BINARY(454),77.772562,0.0056
5,1722788000,1722808000,BINARY(1107),0.025042,0.0
3,1722790000,1722810000,BINARY(887),23.016041,0.0019
1,1722790000,1722810000,BINARY(589),67.60203,0.0037
4,1722790000,1722810000,BINARY(454),77.772562,0.0056
5,1722790000,1722810000,BINARY(1120),0.02498,0.0
3,1722792000,1722812000,BINARY(969),21.070575,0.0019
1,1722792000,1722812000,BINARY(573),66.312368,0.0037
4,1722792000,1722812000,BINARY(417),78.793859,0.0056
5,1722792000,1722812000,BINARY(1093),0.024878,0.0019
3,1722794000,1722814000,BINARY(1111),18.3801,0.0019
1,1722794000,1722814000,BINARY(447),66.48336,0.0037
4,1722794000,1722814000,BINARY(291),83.835835,0.0056
5,1722794000,1722814000,BINARY(1089),0.023853,0.0
3,1722796000,1722816000,BINARY(1195),14.259086,0.0019
1,1722796000,1722816000,BINARY(318),68.145359,0.0037
4,1722796000,1722816000,BINARY(188),91.680766,0.0056
5,1722796000,1722816000,BINARY(1005),0.0238,0.0
3,1722798000,1722818000,BINARY(1196),7.933244,0.0019
1,1722798000,1722818000,BINARY(265),70.789817,0.0037
4,1722798000,1722818000,BINARY(101),103.804122,0.0111
5,1722798000,1722818000,BINARY(990),0.023056,0.0
3,1722800000,1722820000,BINARY(1181),0.878446,0.0019
1,1722800000,1722820000,BINARY(160),86.018351,0.0056
4,1722800000,1722820000,BINARY(9),47.692811,0.0407
5,1722800000,1722820000,BINARY(963),0.731631,0.0
3,1722802000,1722822000,BINARY(1202),0.028561,0.0019
1,1722802000,1722822000,BINARY(35),71.538197,0.0148
5,1722802000,1722822000,BINARY(1038),10.36553,0.0
3,1722804000,1722824000,BINARY(1194),0.028328,0.0019
5,1722804000,1722824000,BINARY(1052),16.576428,0.0
3,1722806000,1722826000,BINARY(1204),1.246367,0.0019
5,1722806000,1722826000,BINARY(1134),15.379933,0.0
3,1722808000,1722828000,BINARY(1192),1.902387,0.0019
5,1722808000,1722828000,BINARY(1141),15.285512,0.0
3,1722810000,1722830000,BINARY(1105),2.51303,0.0019
5,1722810000,1722830000,BINARY(1141),15.690336,0.0
3,1722812000,1722832000,BINARY(1153),10.227359,0.0019
5,1722812000,1722832000,BINARY(1120),22.724789,0.0
3,1722814000,1722834000,BINARY(1148),13.231273,0.0019
5,1722814000,1722834000,BINARY(1122),26.563107,0.0019
3,1722816000,1722836000,BINARY(1156),19.349568,0.0019
4,1722816000,1722836000,BINARY(58),101.289753,0.0407
5,1722816000,1722836000,BINARY(1163),28.418033,0.0019
3,1722818000,1722838000,BINARY(1161),26.672869,0.0019
1,1722818000,1722838000,BINARY(80),64.078225,0.0037
4,1722818000,1722838000,BINARY(186),99.727624,0.0407
5,1722818000,1722838000,BINARY(1137),30.296654,0.0019
3,1722820000,1722840000,BINARY(1158),31.439493,0.0019
1,1722820000,1722840000,BINARY(210),82.929949,0.0037
4,1722820000,1722840000,BINARY(267),91.322107,0.0093
5,1722820000,1722840000,BINARY(1089),35.762164,0.0019
3,1722822000,1722842000,BINARY(1154),37.464573,0.0019
1,1722822000,1722842000,BINARY(261),75.818602,0.0037
4,1722822000,1722842000,BINARY(402),86.338288,0.0093
5,1722822000,1722842000,BINARY(1076),33.218343,0.0019
3,1722824000,1722844000,BINARY(1163),39.836796,0.0019
1,1722824000,1722844000,BINARY(332),68.730422,0.0037
4,1722824000,1722844000,BINARY(506),76.536883,0.0037
5,1722824000,1722844000,BINARY(1067),31.355032,0.0019
3,1722826000,1722846000,BINARY(1162),38.607973,0.0019
1,1722826000,1722846000,BINARY(458),71.091146,0.0037
4,1722826000,1722846000,BINARY(515),76.137605,0.0037
5,1722826000,1722846000,BINARY(1070),31.323903,0.0019
3,1722828000,1722848000,BINARY(1156),41.033738,0.0019
1,1722828000,1722848000,BINARY(556),73.425039,0.0037
4,1722828000,1722848000,BINARY(515),76.137605,0.0037
5,1722828000,1722848000,BINARY(1039),37.671692,0.0019
3,1722830000,1722850000,BINARY(1269),43.66893,0.0019
1,1722830000,1722850000,BINARY(556),73.425039,0.0037
4,1722830000,1722850000,BINARY(575),74.937177,0.0037
5,1722830000,1722850000,BINARY(991),44.728891,0.0019
3,1722832000,1722852000,BINARY(1246),41.786589,0.0019
1,1722832000,1722852000,BINARY(556),73.425039,0.0037
4,1722832000,1722852000,BINARY(692),70.463166,0.0037
5,1722832000,1722852000,BINARY(971),41.682977,0.0019
3,1722834000,1722854000,BINARY(1242),46.132901,0.0019
1,1722834000,1722854000,BINARY(556),73.425039,0.0037
4,1722834000,1722854000,BINARY(799),73.306256,0.0037
5,1722834000,1722854000,BINARY(928),40.757508,0.0019
3,1722836000,1722856000,BINARY(1244),44.554264,0.0019
1,1722836000,1722856000,BINARY(556),73.425039,0.0037
4,1722836000,1722856000,BINARY(843),70.765428,0.0037
5,1722836000,1722856000,BINARY(880),41.70621,0.0019
3,1722838000,1722858000,BINARY(1134),41.291275,0.0019
1,1722838000,1722858000,BINARY(476),74.995932,0.0037
4,1722838000,1722858000,BINARY(746),68.629784,0.0037
5,1722838000,1722858000,BINARY(814),43.994722,0.0019
3,1722842000,1722862000,BINARY(899),38.43235,0.0019
1,1722842000,1722862000,BINARY(295),71.307343,0.0037
4,1722842000,1722862000,BINARY(530),66.111632,0.0037
5,1722842000,1722862000,BINARY(624),38.099946,0.0019
3,1722840000,1722860000,BINARY(1028),40.25462,0.0019
1,1722840000,1722860000,BINARY(346),67.656162,0.0037
4,1722840000,1722860000,BINARY(665),68.216774,0.0037
5,1722840000,1722860000,BINARY(741),41.33427,0.0019
3,1722844000,1722864000,BINARY(776),40.530735,0.0019
1,1722844000,1722864000,BINARY(224),80.383132,0.0037
4,1722844000,1722864000,BINARY(426),72.815714,0.0074
5,1722844000,1722864000,BINARY(525),36.914737,0.0019
3,1722848000,1722868000,BINARY(528),53.227728,0.0019
4,1722848000,1722868000,BINARY(417),73.228514,0.0074
5,1722848000,1722868000,BINARY(304),45.026615,0.0019
3,1722846000,1722866000,BINARY(637),49.369424,0.0019
1,1722846000,1722866000,BINARY(98),84.332413,0.0037
4,1722846000,1722866000,BINARY(417),73.228514,0.0074
5,1722846000,1722866000,BINARY(391),49.400749,0.0019
3,1722850000,1722870000,BINARY(394),49.771276,0.0019
4,1722850000,1722870000,BINARY(357),74.673053,0.0074
5,1722850000,1722870000,BINARY(219),36.702336,0.0037
3,1722854000,1722874000,BINARY(154),34.487192,0.0019
4,1722854000,1722874000,BINARY(133),84.026005,0.0111
5,1722854000,1722874000,BINARY(69),38.198851,0.0037
3,1722852000,1722872000,BINARY(287),48.579308,0.0019
4,1722852000,1722872000,BINARY(240),87.444358,0.0074
5,1722852000,1722872000,BINARY(145),29.921478,0.0037
3,1722856000,1722876000,BINARY(29),0.028928,0.0019
5,1722856000,1722876000,BINARY(12),42.459542,0.0204
